CREATE DATABASE teaspoon;

USE teaspoon;

CREATE DATABASE teaspoon;
​
USE teaspoon;
​
CREATE TABLE sample(
	NO INT PRIMARY KEY AUTO_INCREMENT,
	NAME VARCHAR(100)
);
​
INSERT INTO sample VALUES(DEFAULT, '홍길동');
INSERT INTO sample VALUES(DEFAULT, '강감찬');
INSERT INTO sample VALUES(DEFAULT, '이순신');
INSERT INTO sample VALUES(DEFAULT, '오세훈');
INSERT INTO sample VALUES(DEFAULT, '김철수');
​
DROP TABLE member;
​
CREATE TABLE member(
	id VARCHAR(16) PRIMARY KEY, -- 아이디
	pw VARCHAR(330) NOT NULL, -- 비밀번호
	NAME VARCHAR(100) NOT NULL, -- 이름
	email VARCHAR(100) NOT NULL, -- 이메일
	tel VARCHAR(13) NOT NULL, -- 전화 번호
	addr1 VARCHAR(200), -- 주소1
	addr2 VARCHAR(100), -- 주소2
	postcode VARCHAR(10), -- 우편번호
	regdate TIMESTAMP DEFAULT CURRENT_TIMESTAMP(), -- 가입일
	birth DATE, -- 생일
	pt INT DEFAULT 0, -- 포인트
	visited INT DEFAULT 0,
	job INT NOT NULL -- 직업 학생: 1, 선생님: 2
);
​
-- 관리자
INSERT INTO member VALUES(
'admin', '1234', '관리자', 'admin@edu.com', '010-1234-5678', 
	'경기 성남시 분당구 대왕판교로 477', '102호', '13480', DEFAULT, '1998-04-22',
	DEFAULT, DEFAULT, 0);
​
-- 학부모
INSERT INTO member VALUES(
'hong', '1234', '홍길동', 'hong@edu.com', '010-2222-3333', 
	'경기 성남시 분당구 대왕판교로 477', '102호', '13480', DEFAULT, '1980-04-22',
	DEFAULT, DEFAULT, 1);
	INSERT INTO member VALUES(
'kang', '1234', '강감찬', 'kang@edu.com', '010-1212-1212', 
	'경기 성남시 분당구 대왕판교로 477', '102호', '13480', DEFAULT, '1975-04-22',
	DEFAULT, DEFAULT, 1);
​
-- 선생
INSERT INTO member VALUES(
'son', '1234', '손흥민', 'son@edu.com', '010-5555-6666', 
	'경기 성남시 분당구 대왕판교로 477', '102호', '13480', DEFAULT, '1983-04-22',
	DEFAULT, DEFAULT, 2);
	INSERT INTO member VALUES(
'lee', '1234', '이순신', 'lee@edu.com', '010-3434-3434', 
	'경기 성남시 분당구 대왕판교로 477', '102호', '13480', DEFAULT, '1990-04-22',
	DEFAULT, DEFAULT, 2);
​
-- 비밀번호 1234 spring 암호화 버전
UPDATE member SET pw='$2a$10$3zl8fmNyd1IsP1Ru0TNVee9AMtpM9E7yz5ZR9Qiofbj8zqqjJiqIi'
​
DROP TABLE board;
​
CREATE TABLE board(
	bno INT PRIMARY KEY AUTO_INCREMENT, -- qna 글 번호
	title VARCHAR(200) NOT NULL, -- 제목
	content VARCHAR(1000), -- 내용
	author VARCHAR(16), -- 작성자
	resdate TIMESTAMP DEFAULT CURRENT_TIMESTAMP(), -- 작성일
	cnt INT DEFAULT 0, -- 조회수
	lev INT DEFAULT 0, -- 게시글 0, 답글 1 이상
	par INT, -- 부모 게시글 번호
	FOREIGN KEY(author) REFERENCES member(id) ON DELETE 		
		CASCADE -- 작성자를 member id를 이용해 외래키로 사용
);
​
INSERT INTO board(title, content, author) VALUES('본문 제목1', '본문 내용1', 'admin');
UPDATE board SET par=bno WHERE bno=1;
​
INSERT INTO board(title, content, author) VALUES('본문 제목2', '본문 내용2', 'hong'); 
UPDATE board SET par=bno WHERE bno=2;
​
INSERT INTO board(title, content, author) VALUES('본문 제목3', '본문 내용3', 'kang');
UPDATE board SET par=bno WHERE bno=3;
​
INSERT INTO board(title, content, author) VALUES('본문 제목4', '본문 내용4', 'lee');
UPDATE board SET par=bno WHERE bno=4;
​
INSERT INTO board(title, content, author) VALUES('본문 제목5', '본문 내용5', 'son');
UPDATE board SET par=bno WHERE bno=5;
​
INSERT INTO board(title, content, author) VALUES('본문 제목6', '본문 내용6', 'hong');
UPDATE board SET par=bno WHERE bno=6; 
​
INSERT INTO board(title, content, author, lev, par) VALUES('댓글', '댓글내용', 'admin', 1, 7);
INSERT INTO board(title, content, author, lev, par) VALUES('댓글', '댓글내용', 'admin', 1, 7);
INSERT INTO board(title, content, author, lev, par) VALUES('댓글', '댓글내용', 'admin', 1, 6);
INSERT INTO board(title, content, author, lev, par) VALUES('댓글', '댓글내용', 'admin', 1, 5);
INSERT INTO board(title, content, author, lev, par) VALUES('댓글', '댓글내용', 'admin', 1, 4);
INSERT INTO board(title, content, author, lev, par) VALUES('댓글', '댓글내용', 'admin', 1, 3);
INSERT INTO board(title, content, author, lev, par) VALUES('댓글', '댓글내용', 'admin', 1, 2);
INSERT INTO board(title, content, author, lev, par) VALUES('댓글', '댓글내용', 'admin', 1, 1);
​
select * from board where par = 7 and lev = 1 order by resdate DESC;
​
​
CREATE TABLE board_tea(
	bno INT PRIMARY KEY AUTO_INCREMENT, -- qna 글 번호
	title VARCHAR(200) NOT NULL, -- 제목
	content VARCHAR(1000), -- 내용
	author VARCHAR(16), -- 작성자
	resdate TIMESTAMP DEFAULT CURRENT_TIMESTAMP(), -- 작성일
	cnt INT DEFAULT 0, -- 조회수
	lev INT DEFAULT 0, -- 게시글 0, 답글 1 이상
	par INT, -- 부모 게시글 번호
	FOREIGN KEY(author) REFERENCES member(id) ON DELETE 		
		CASCADE -- 작성자를 member id를 이용해 외래키로 사용
);
​
CREATE TABLE board_par(
	bno INT PRIMARY KEY AUTO_INCREMENT, -- qna 글 번호
	title VARCHAR(200) NOT NULL, -- 제목
	content VARCHAR(1000), -- 내용
	author VARCHAR(16), -- 작성자
	resdate TIMESTAMP DEFAULT CURRENT_TIMESTAMP(), -- 작성일
	cnt INT DEFAULT 0, -- 조회수
	lev INT DEFAULT 0, -- 게시글 0, 답글 1 이상
	par INT, -- 부모 게시글 번호
	FOREIGN KEY(author) REFERENCES member(id) ON DELETE 		
		CASCADE -- 작성자를 member id를 이용해 외래키로 사용
);
​
-- 공지사항(notice) 테이블 생성
create table notice(
	no int primary KEY AUTO_INCREMENT, -- notice 글 번호
	title varchar(200) not NULL,	-- 제목
	content varchar(1000), -- 내용
	resdate TIMESTAMP DEFAULT CURRENT_TIMESTAMP(), -- 작성일
	cnt int DEFAULT 0 -- 조회수
);
​
-- 공지사항 더미글 추가 10건
​
INSERT INTO notice(title, content) VALUES ('공지사항1', '공지사항1 더미글입니다.');
INSERT INTO notice(title, content) VALUES ('공지사항2', '공지사항2 더미글입니다.');
INSERT INTO notice(title, content) VALUES ('공지사항3', '공지사항3 더미글입니다.');
INSERT INTO notice(title, content) VALUES ('공지사항4', '공지사항4 더미글입니다.');
INSERT INTO notice(title, content) VALUES ('공지사항5', '공지사항5 더미글입니다.');
INSERT INTO notice(title, content) VALUES ('공지사항6', '공지사항6 더미글입니다.');
INSERT INTO notice(title, content) VALUES ('공지사항7', '공지사항7 더미글입니다.');
INSERT INTO notice(title, content) VALUES ('공지사항8', '공지사항8 더미글입니다.');
INSERT INTO notice(title, content) VALUES ('공지사항9', '공지사항9 더미글입니다.');
INSERT INTO notice(title, content) VALUES ('공지사항10', '공지사항10 더미글입니다.');
​
-- 자주 묻는 질문 (FAQ) 테이블 생성
​
CREATE TABLE faq (
    fno int PRIMARY KEY AUTO_INCREMENT, -- faq 글 번호
    question VARCHAR(1000) NOT NULL, -- 질문
    answer VARCHAR(1000) NOT NULL -- 답변
);
​
INSERT INTO faq(question, answer) VALUES('자주 묻는 질문1', '자주 묻는 질문1 더미글입니다.');
INSERT INTO faq(question, answer) VALUES('자주 묻는 질문2', '자주 묻는 질문2 더미글입니다.');
INSERT INTO faq(question, answer) VALUES('자주 묻는 질문3', '자주 묻는 질문3 더미글입니다.');
INSERT INTO faq(question, answer) VALUES('자주 묻는 질문4', '자주 묻는 질문4 더미글입니다.');
INSERT INTO faq(question, answer) VALUES('자주 묻는 질문5', '자주 묻는 질문5 더미글입니다.');
INSERT INTO faq(question, answer) VALUES('자주 묻는 질문6', '자주 묻는 질문6 더미글입니다.');
INSERT INTO faq(question, answer) VALUES('자주 묻는 질문7', '자주 묻는 질문7 더미글입니다.');
INSERT INTO faq(question, answer) VALUES('자주 묻는 질문8', '자주 묻는 질문8 더미글입니다.');
INSERT INTO faq(question, answer) VALUES('자주 묻는 질문9', '자주 묻는 질문9 더미글입니다.');
INSERT INTO faq(question, answer) VALUES('자주 묻는 질문10', '자주 묻는 질문10 더미글입니다.');
​
-- 파일 업로드 하는 게시판
CREATE TABLE free(
	bno INT PRIMARY KEY AUTO_INCREMENT, -- qna 글 번호
	title VARCHAR(200) NOT NULL, -- 제목
	content VARCHAR(2000), -- 내용
	author VARCHAR(16), -- 작성자
	resdate TIMESTAMP DEFAULT CURRENT_TIMESTAMP(), -- 작성일
	cnt INT DEFAULT 0, -- 조회수
	rec INT DEFAULT 0,
	FOREIGN KEY(author) REFERENCES member(id) ON DELETE 		
		CASCADE -- 작성자를 member id를 이용해 외래키로 사용
);
​
-- 대외활동 정보
CREATE TABLE info_act(
	bno INT PRIMARY KEY AUTO_INCREMENT, -- qna 글 번호
	title VARCHAR(200) NOT NULL, -- 제목
	content VARCHAR(2000), -- 내용
	author VARCHAR(16), -- 작성자
	resdate TIMESTAMP DEFAULT CURRENT_TIMESTAMP(), -- 작성일
	cnt INT DEFAULT 0, -- 조회수
	rec INT DEFAULT 0,
	FOREIGN KEY(author) REFERENCES member(id) ON DELETE 		
		CASCADE -- 작성자를 member id를 이용해 외래키로 사용
);
​
-- 학습 정보
CREATE TABLE info_stu(
	bno INT PRIMARY KEY AUTO_INCREMENT, -- qna 글 번호
	title VARCHAR(200) NOT NULL, -- 제목
	content VARCHAR(2000), -- 내용
	author VARCHAR(16), -- 작성자
	resdate TIMESTAMP DEFAULT CURRENT_TIMESTAMP(), -- 작성일
	cnt INT DEFAULT 0, -- 조회수
	rec INT DEFAULT 0,
	FOREIGN KEY(author) REFERENCES member(id) ON DELETE 		
		CASCADE -- 작성자를 member id를 이용해 외래키로 사용
);
​
-- 대학 정보
CREATE TABLE info_uni(
	bno INT PRIMARY KEY AUTO_INCREMENT, -- qna 글 번호
	title VARCHAR(200) NOT NULL, -- 제목
	content VARCHAR(2000), -- 내용
	author VARCHAR(16), -- 작성자
	resdate TIMESTAMP DEFAULT CURRENT_TIMESTAMP(), -- 작성일
	cnt INT DEFAULT 0, -- 조회수
	rec INT DEFAULT 0,
	FOREIGN KEY(author) REFERENCES member(id) ON DELETE 		
		CASCADE -- 작성자를 member id를 이용해 외래키로 사용
);
​
INSERT INTO free(title, content, author) VALUES('본문 제목1', '본문 내용1', 'admin');
​
​
CREATE TABLE fileinfo(
	articleno INT,
	savefolder VARCHAR(500),
	oroginfile VARCHAR(500),
	savefile VARCHAR(500)
)
​
CREATE TABLE guestbook (
	articleno INT PRIMARY KEY AUTO_INCREMENT
​
-- qna
CREATE TABLE qna(
	bno INT PRIMARY KEY AUTO_INCREMENT, -- qna 글 번호
	title VARCHAR(200) NOT NULL, -- 제목
	content VARCHAR(1000), -- 내용
	author VARCHAR(16), -- 작성자
	resdate TIMESTAMP DEFAULT CURRENT_TIMESTAMP(), -- 작성일
	cnt INT DEFAULT 0, -- 조회수
	lev INT DEFAULT 0, -- 게시글 0, 답글 1 이상
	par INT, -- 부모 게시글 번호
	pw VARCHAR(330), -- 비밀글, 비밀번호
	FOREIGN KEY(author) REFERENCES member(id) ON DELETE 		
		CASCADE -- 작성자를 member id를 이용해 외래키로 사용
);
​
-- 학교 정보
CREATE TABLE school(
	eo_code VARCHAR(10),
	eo_name VARCHAR(100),
	sc_code VARCHAR(50),
	sc_name VARCHAR(100)
	);
​
-- 자료실 db
CREATE TABLE fileobj (
	no int NOT NULL AUTO_INCREMENT PRIMARY KEY,
	postno INT NOT NULL,
	savefolder VARCHAR(400),
	originfile VARCHAR(400),
	savefile VARCHAR(800),
	filesize LONG,
	uploaddate VARCHAR(100)
);
​
CREATE TABLE fileboard (
	postno int NOT NULL AUTO_INCREMENT PRIMARY KEY,	-- 글 번호
	title VARCHAR(100) not null,   -- 글제목
	content VARCHAR(1500) not null,    -- 글내용
	regdate DATETIME DEFAULT CURRENT_TIMESTAMP(),   -- 작성일
	visited INT DEFAULT 0   -- 조회수
);

-- 성적 게시판
CREATE TABLE grade( 
	no INTEGER auto_increment PRIMARY KEY,
	sname VARCHAR(150) NOT NULL ,
	pid VARCHAR(150) NOT null ,
	kor INTEGER ,
	math INTEGER,
	eng INTEGER ,
	social INTEGER ,
	science INTEGER ,
	exam VARCHAR(80),
	tname VARCHAR(150),
	regdate TIMESTAMP DEFAULT CURRENT_TIMESTAMP
);
						
-- sname : 학생 이름, pid: 부모님 아이디, exam : 시험 유형(?), tname: 선생님 성함 
						  
DROP TABLE grade;
​
INSERT INTO grade VALUES(DEFAULT, '홍박사', 'kang', 90, 50, 50, 50, 50, '1학기 중간고사', '손흥민', default);

-- 관리자 게시판 관리 테이블
CREATE TABLE report (
    report_id INT PRIMARY KEY AUTO_INCREMENT,
    board_bno INT,
    reporter VARCHAR(16),
    reason VARCHAR(255),
    report_date TIMESTAMP DEFAULT CURRENT_TIMESTAMP(),
    FOREIGN KEY(board_bno) REFERENCES board(bno) ON DELETE CASCADE,
    FOREIGN KEY(reporter) REFERENCES member(id) ON DELETE CASCADE
);